index,lpToken,allocPoint,isRegular,token0,token0_name,token1,token1_name,volume_24h,lp_reward_fee_24h,TVL,Farm_Liquidity,1000000.0_daily_basic_earning_in_%,1000000.0_Mining_Reward,1000000.0_Mining_Reward_Annually
2.0,0x0eD7e52944161450477ee417DE9Cd3a859b14fD0,4000.0,1.0,0x0E09FaBB73Bd3Ade0a17ECC321fD13a19e81cE82,Cake,0xbb4CdB9CBd36B01bD1cBaEBF2De08d9173bc095c,WBNB,5738571.428571428,9755.714285714286,116301576.49620096,107139174.42581676,0.008316780197775299,0.07755843823523076,28.308829955859228
3.0,0x58F876857a02D6762E0101bb5C46A8c1ED44Dc16,1100.0,1.0,0xbb4CdB9CBd36B01bD1cBaEBF2De08d9173bc095c,WBNB,0xe9e7CEA3DedcA5984780Bafc599bD69ADd087D56,BUSD,62818571.428571425,106791.42857142857,171799605.47921386,161285581.5997853,0.06180073633575197,0.01421231624155746,5.187495428168473
4.0,0x28415ff2C35b65B9E5c7de82126b4015ab9d031F,50.0,1.0,0x3EE2200Efb3400fAbB9AacF31297cBdD1d435D47,ADA,0xbb4CdB9CBd36B01bD1cBaEBF2De08d9173bc095c,WBNB,1602857.142857143,2725.714285714286,6337489.504133521,4820448.441220636,0.03714777764491213,0.01801215483053624,6.574436513145727
5.0,0xDd5bAd8f8b360d76d12FdA230F8BAF42fe0022CF,100.0,1.0,0x7083609fCE4d1d8Dc0C979AAb8c869Ea2C873402,DOT,0xbb4CdB9CBd36B01bD1cBaEBF2De08d9173bc095c,WBNB,1175714.2857142857,1998.5714285714287,7361485.678825671,6474584.05247081,0.023902109090882497,0.028052080964094242,10.239009551894398
6.0,0x824eb9faDFb377394430d2744fa7C42916DE3eCe,50.0,1.0,0xbb4CdB9CBd36B01bD1cBaEBF2De08d9173bc095c,WBNB,0xF8A0BF9cF54Bb92F17374d9e9A321E6a111a51bD,LINK,1778571.4285714286,3024.285714285714,7226567.830758601,6584584.6062671095,0.03676242360730446,0.013822618369869793,5.045255705002474
7.0,0x7EFaEf62fDdCCa950418312c6C91Aef321375A00,250.0,1.0,0x55d398326f99059fF775485246999027B3197955,USDT,0xe9e7CEA3DedcA5984780Bafc599bD69ADd087D56,BUSD,10954285.714285715,18621.428571428572,267947785.5931505,243788692.17350864,0.006923808102885089,0.0021414146539111504,0.7816163486775699
8.0,0x3DcB1787a95D2ea0Eb7d00887704EeBF0D79bb13,10.0,1.0,0x4B0F1812e5Df2A09796481Ff14017e6005508003,TWT,0xbb4CdB9CBd36B01bD1cBaEBF2De08d9173bc095c,WBNB,408571.4285714286,694.2857142857143,1178601.2029440887,903746.1725852649,0.031868416915747586,0.011013949235054752,4.020091470794984
9.0,0x7EB5D86FD78f3852a3e0e064f2842d45a3dB6EA2,50.0,1.0,0xbb4CdB9CBd36B01bD1cBaEBF2De08d9173bc095c,WBNB,0xcF6BB5389c92Bdda8a3747Ddb454cB7a64626C63,XVS,382857.14285714284,651.4285714285714,2540147.052409055,2161074.3556592083,0.018401172657087142,0.033165565472614886,12.105431397504434
